<?xml version="1.0" encoding="UTF-8" standalone="yes"?>
<addon id="plugin.video.robertv"
	name="ROBERTV"
	version="2.5.0"
	provider-name="Rober">
  <requires>
    <import addon="xbmc.python" version="2.14.0"/>
    <import addon="script.module.addon.common" version="2.0.0"/>
    <import addon="plugin.video.youtube" version="5.0.0"/>
  </requires>
  <extension point="xbmc.python.pluginsource" library="default.py">
    <provides>video</provides>
  </extension>
  <extension point="xbmc.addon.metadata">
    <summary lang="es">ROBER TV	</summary>
    <description lang="es">Canal rober tv para KODI.</description>
    <platform>all</platform>
    <website>www</website>
    <email>gmail.com</email>
    <assets>
        <icon>icon.png</icon>
        <fanart>fanart.jpg</fanart>
		</assets>
       </extension>
</addon>