<?xml version="1.0" encoding="UTF-8"?>
<addon id="plugin.video.videoclubob"
version="1.0.0"
name="VIDEOCLUB BOB"
provider-name="castaman">
<requires>
  <import addon="xbmc.python" version="2.25.0"/>
</requires>
<extension point="xbmc.python.pluginsource" library="main.py">
  <provides>video</provides>
</extension>
<extension point="xbmc.addon.metadata">
  <summary lang="en">addon para ver pelis, series y otros</summary>
  <description lang="en_GB">videos by castaman</description>
  <disclaimer lang="en_GB">videos by castaman</disclaimer>
  <assets>
    <icon>icon.png</icon>
    <fanart>fanart.jpg</fanart>
    <screenshot>resources\screenshot-01.jpg</screenshot>
    <screenshot>resources\screenshot-02.jpg</screenshot>
    <screenshot>resources\screenshot-03.jpg</screenshot>    
  </assets>
  <news>nuevo addon para ver pelis, series y otros</news>
</extension>
</addon>
